id,name,model_id:id,group_id:id,perm_read,perm_write,perm_create,perm_unlink
diamond_rings_website.access_diamond_rings_website_contact,access_diamond_rings_website_contact,diamond_rings_website.model_diamonds_rings_website_contact,base.group_user,1,1,1,0
diamond_rings_website.access_diamond_rings_website_diamond,access_diamond_rings_website_diamond,diamond_rings_website.model_diamonds_rings_website_diamond,base.group_user,1,1,1,0
diamond_rings_website.access_diamond_rings_website_jewellery,access_diamond_rings_website_jewellery,diamond_rings_website.model_diamonds_rings_website_jewellery,base.group_user,1,1,1,1
diamond_rings_website.access_diamond_rings_website_category,access_diamond_rings_website_category,diamond_rings_website.model_diamonds_rings_website_category,base.group_user,1,1,1,0
diamond_rings_website.access_diamond_rings_website_type,access_diamond_rings_website_type,diamond_rings_website.model_diamonds_rings_website_type,base.group_user,1,1,1,1
diamond_rings_website.access_diamond_rings_website_design_request,access_diamond_rings_website_design_request,diamond_rings_website.model_diamonds_rings_website_design_request,base.group_user,1,1,1,0
diamond_rings_website.access_attribute,access_attribute,diamond_rings_website.model_attribute,base.group_user,1,1,1,1
diamond_rings_website.access_attribute_value,access_attribute_value,diamond_rings_website.model_attribute_value,base.group_user,1,1,1,1
diamond_rings_website.access_added_value,access_added_value,diamond_rings_website.model_added_value,base.group_user,1,1,1,1
diamond_rings_website.access_metal,access_metal,diamond_rings_website.model_metal,base.group_user,1,1,1,1
diamond_rings_website.access_email,access_email,diamond_rings_website.model_email,base.group_user,1,1,1,1
diamond_rings_website.access_order,access_order,diamond_rings_website.model_order,base.group_user,1,1,1,1
diamond_rings_website.access_order_history,access_order_history,diamond_rings_website.model_order_history,base.group_user,1,1,1,1
diamond_rings_website.access_cart,access_cart,diamond_rings_website.model_cart,base.group_user,1,1,1,1
diamond_rings_website.access_cart_jewellery,access_cart_jewellery,diamond_rings_website.model_cart_jewellery,base.group_user,1,1,1,1
diamond_rings_website.access_image,access_image,diamond_rings_website.model_image,base.group_user,1,1,1,1
diamond_rings_website.access_question,access_question,diamond_rings_website.model_question,base.group_user,1,1,1,1
diamond_rings_website.access_res_billing,access_res_billing,diamond_rings_website.model_res_billing,base.group_user,1,1,1,1
diamond_rings_website.access_res_shipping,access_res_shipping,diamond_rings_website.model_res_shipping,base.group_user,1,1,1,1
diamond_rings_website.access_special_offer,access_special_offer,diamond_rings_website.model_special_offer,base.group_user,1,1,1,1
diamond_rings_website.access_add_special_offer,access_add_special_offer,diamond_rings_website.model_add_special_offer,base.group_user,1,1,1,1
diamond_rings_website.access_diamonds_rings_website_wishlist,access_diamonds_rings_website_wishlist,diamond_rings_website.model_diamonds_rings_website_wishlist,base.group_user,1,1,1,0
diamond_rings_website.access_diamonds_rings_website_compare_diamond,access_diamonds_rings_website_compare_diamond,diamond_rings_website.model_diamonds_rings_website_compare_diamond,base.group_user,1,1,1,0
