<?xml version="1.0" encoding="utf-8"?>
<odoo>
    <data>
        <record id="email_reset_password_template" model="mail.template">
            <field name="name">Almas reset password template</field>
            <field name="model_id" ref="base.model_res_users"/>
            <field name="subject">Reset Password</field>
            <field name="email_from">{{ object.company_id.email_formatted}}</field>
            <field name="email_to">{{ object.partner_id.email }}</field>
            <field name="description">This template is used for password reset of users</field>
            <field name="body_html" type="html">
                <div>
                    <p>
                        Hello,
                        <t t-esc="object.name"/>
                        <br/>
                        <br/>
                        <br/>
                        Your new Password is:
                        <t t-esc="ctx.get('pass')"/>
                        <br/>
                        <br/>
                        <br/>Almas Team
                        <br/>
                        <br/>
                    </p>
                </div>
            </field>
        </record>

        <record id="email_order_placed_template" model="mail.template">
            <field name="name">Almas order placed template</field>
            <field name="model_id" ref="diamond_rings_website.model_order"/>
            <field name="subject">Your Almas Online Order Confirmation - Order NO. #{{object.id.id}}</field>
            <field name="email_to">{{ object.id.customer.partner_id.email }}</field>
            <field name="description">This template is used for placed orders</field>
            <field name="body_html" type="html">
                <t t-set="url" t-value="object.env['ir.config_parameter'].sudo().get_param('website.url')"/>
                <t t-set="terms" t-value="url + '/' +'terms'"/>
                <t t-set="return" t-value="url + '/' + 'international-return-policy'"/>
                <t t-set="contact" t-value="url + '/' + 'contact#contact'"/>
                <div>
                    <p>
                        Dear,
                        <t t-esc="object.id.customer.name"/>
                        <br/>
                        <br/>
                        <br/>
                        Thank you for shopping with Almas Online!
                        We’re excited to confirm that we’ve received your order. Below are the details of your purchase:
                        <hr/>
                    </p>
                    <p>
                        <b>Order Number:</b>#
                        <t t-out="object.id.id"/>
                    </p>
                    <p>
                        <b>Order Date:</b>
                        <t t-out="object.id.purchase_date.strftime('%Y-%m-%d : %H-%M')"/>
                    </p>
                    <p>
                        <b>Items Ordered:</b>
                    </p>
                    <table>
                        <tr t-foreach="object.id.jewellery_ids" t-as="jewellery">
                            <td style="width:25">

                            </td>
                            <td>
                                <li>
                                    <t t-out="jewellery.jewellery_id.name"/>
                                </li>
                            </td>
                            <td style="width:100">
                            </td>
                            <td>
                                <t t-out="jewellery.price"/>
                                USD
                            </td>
                        </tr>
                        <tr t-foreach="object.id.diamond_history_ids" t-as="diamond">
                            <td style="width:25">

                            </td>
                            <td>
                                <li>
                                    <t t-out="diamond.diamond_size"/>
                                    - Carat
                                    <t t-out="diamond.shape"/>
                                </li>
                            </td>
                            <td style="width:100">
                            </td>
                            <td>
                                <t t-out="diamond.total_sales_price"/>
                                USD
                            </td>
                        </tr>
                        <tr>
                            <td>
                                <![CDATA[&nbsp;&nbsp;&nbsp;&nbsp;&nbsp;&nbsp;&nbsp;]]>
                            </td>
                        </tr>

                        <tr>
                            <td style="width:25">
                            </td>
                            <td>
                                Subtotal:
                            </td>
                            <td style="width:100">
                            </td>
                            <td>
                                <t t-out="object.id.amount"/>
                                USD
                            </td>
                        </tr>
                        <tr>
                            <td>
                                <![CDATA[&nbsp;&nbsp;&nbsp;&nbsp;&nbsp;&nbsp;&nbsp;]]>
                            </td>
                        </tr>
                        <tr>
                            <td style="width:25">
                            </td>
                            <td>
                                Shipping (FedEx International Priority):
                            </td>
                            <td style="width:100">
                            </td>
                            <td>
                                Free
                            </td>
                        </tr>
                        <tr>
                            <td>
                                <![CDATA[&nbsp;&nbsp;&nbsp;&nbsp;&nbsp;&nbsp;&nbsp;]]>
                            </td>
                        </tr>
                        <tr>
                            <td style="width:25">
                            </td>
                            <td>
                                VAT 5.0%:
                            </td>
                            <td style="width:100">
                            </td>
                            <td>
                                50 USD
                            </td>
                        </tr>
                        <tr>
                            <td>
                                <![CDATA[&nbsp;&nbsp;&nbsp;&nbsp;&nbsp;&nbsp;&nbsp;]]>
                            </td>
                        </tr>
                        <tr>
                            <td style="width:50">
                                <p>
                                    <b>
                                        Total:
                                    </b>
                                </p>
                            </td>
                            <td>
                            </td>
                            <td style="width:100">
                            </td>
                            <td>
                                50 USD
                            </td>
                        </tr>
                    </table>
                    <br/>


                    <a t-attf-href="#{terms}">Terms&amp;Conditions</a>
                    <br/>
                    <a t-attf-href="#{return}">Return Policy</a>

                    <table>
                        <tr>
                            <td>
                                <![CDATA[&nbsp;&nbsp;&nbsp;&nbsp;&nbsp;&nbsp;&nbsp;]]>
                            </td>
                        </tr>
                        <tr>
                            <td>
                                <b>Billing address</b>
                            </td>
                            <td>
                                <![CDATA[&nbsp;&nbsp;&nbsp;&nbsp;&nbsp;&nbsp;&nbsp;]]>
                                <![CDATA[&nbsp;&nbsp;&nbsp;&nbsp;&nbsp;&nbsp;&nbsp;]]>
                                <![CDATA[&nbsp;&nbsp;&nbsp;&nbsp;&nbsp;&nbsp;&nbsp;]]>
                                <![CDATA[&nbsp;&nbsp;&nbsp;&nbsp;&nbsp;&nbsp;&nbsp;]]>
                            </td>
                            <td>
                                <b>Shipping address</b>
                            </td>
                        </tr>
                        <tr>
                            <td>
                                <t t-esc="object.id.billing_address.address"/>
                            </td>
                            <td>
                                <![CDATA[&nbsp;&nbsp;&nbsp;&nbsp;&nbsp;&nbsp;&nbsp;]]>
                                <![CDATA[&nbsp;&nbsp;&nbsp;&nbsp;&nbsp;&nbsp;&nbsp;]]>
                                <![CDATA[&nbsp;&nbsp;&nbsp;&nbsp;&nbsp;&nbsp;&nbsp;]]>
                                <![CDATA[&nbsp;&nbsp;&nbsp;&nbsp;&nbsp;&nbsp;&nbsp;]]>
                            </td>
                            <td>
                                <t t-esc="object.id.shipping_address.address"/>
                            </td>
                        </tr>
                    </table>

                    <p>
                        <b>What’s next?</b>
                    </p>
                    <ul>
                        <li>
                            Your order is being processed and will be shipped within 10 to 15 working days.
                        </li>
                        <li>
                            We will notify you as soon as your package is on its way.
                        </li>
                    </ul>
                    <p>
                        If you have any questions or need further assistance, feel free to contact us.
                    </p>
                    <p>
                        Thank you for choosing
                        <b>Almas Online!</b>
                    </p>
                    Best regards,
                    <br/>
                    <b>The Almas Online Team</b>
                    <br/>
                    <a t-attf-href="#{contact}">Contact us</a>
                    <br/>
                    <a href="www.almasonline.com">www.almasonline.com</a>
                </div>
            </field>
        </record>

        <record id="email_order_refused_template" model="mail.template">
            <field name="name">Almas order refused template</field>
            <field name="model_id" ref="diamond_rings_website.model_order"/>
            <field name="subject">Order Update - Order NO. #{{object.id.id}}</field>
            <field name="email_from">{{ user.company_id.email_formatted}}</field>
            <field name="email_to">{{ object.id.customer.partner_id.email }}</field>
            <field name="description">This template is used for refused orders</field>
            <field name="body_html" type="html">
                <t t-set="url" t-value="object.env['ir.config_parameter'].sudo().get_param('website.url')"/>
                <t t-set="contact" t-value="url + '/' + 'contact#contact'"/>
                <div>
                    <p>
                        Dear,
                        <t t-esc="object.id.customer.name"/>
                        <br/>
                        <br/>
                        <br/>
                        Thank you for shopping with
                        <b>Almas Online!</b>
                    </p>
                    <p>
                        We regret to inform you that your order #
                        <t t-esc="object.id.id"/>
                        has been declined. If you require further details
                        or assistance regarding this matter, please don’t hesitate to contact us.
                    </p>
                    <p>
                        We apologize for any inconvenience caused and appreciate your understanding.
                    </p>

                    Best regards,
                    <br/>
                    <b>The Almas Online Team</b>
                    <br/>
                    <a t-attf-href="#{contact}">Contact us</a>
                    <br/>
                    <a href="www.almasonline.com">www.almasonline.com</a>
                </div>
            </field>
        </record>

        <record id="email_order_canceled_template" model="mail.template">
            <field name="name">Almas order canceled template</field>
            <field name="model_id" ref="diamond_rings_website.model_order"/>
            <field name="subject">Order Cancellation Confirmation - Order NO. #{{object.id.id}}</field>
            <field name="email_from">{{ user.company_id.email_formatted}}</field>
            <field name="email_to">{{ object.id.customer.partner_id.email }}</field>
            <field name="description">This template is used for canceled orders</field>
            <field name="body_html" type="html">
                <t t-set="url" t-value="object.env['ir.config_parameter'].sudo().get_param('website.url')"/>
                <t t-set="contact" t-value="url + '/' + 'contact#contact'"/>
                <div>
                    <p>
                        Dear,
                        <t t-esc="object.id.customer.name"/>
                        <br/>
                        <br/>
                        <br/>
                    </p>
                    <p>
                        We are writing to confirm that your order #
                        <t t-esc="object.id.id"/>
                        has been successfully canceled as per your
                        request.
                    </p>
                    <p>
                        If you have any questions or need further assistance, please feel free to Contact us.
                    </p>
                    <p>
                        Thank you for choosing <b>Almas Online.</b> We look forward to serving you in the future.
                    </p>

                    Best regards,
                    <br/>
                    <b>The Almas Online Team</b>
                    <br/>
                    <a t-attf-href="#{contact}">Contact us</a>
                    <br/>
                    <a href="www.almasonline.com">www.almasonline.com</a>
                </div>
            </field>
        </record>

        <record id="email_order_under_process_template" model="mail.template">
            <field name="name">Almas order under process template</field>
            <field name="model_id" ref="diamond_rings_website.model_order"/>
            <field name="subject">Order Update - Order NO. #{{object.id.id}}</field>
            <field name="email_from">{{ user.company_id.email_formatted}}</field>
            <field name="email_to">{{ object.id.customer.partner_id.email }}</field>
            <field name="description">This template is used for under process orders</field>
            <field name="body_html" type="html">
                <t t-set="url" t-value="object.env['ir.config_parameter'].sudo().get_param('website.url')"/>
                <t t-set="contact" t-value="url + '/' + 'contact#contact'"/>
                <div>
                    <p>
                        Dear,
                        <t t-esc="object.id.customer.name"/>
                        <br/>
                        <br/>
                        <br/>
                    </p>
                    <p>
                        We’re excited to inform you that your order #
                        <t t-esc="object.id.id"/>
                        is currently is under process.
                    </p>
                    <p>
                        Once your package is on its way, we’ll send you a confirmation email with the tracking details
                        so
                        you can follow its journey.
                    </p>
                    <p>
                        If you have any questions or need further assistance, please feel free to Contact us.
                    </p>
                    <p>
                        Thank you for choosing <b>Almas Online.</b> We look forward to serving you in the future.
                    </p>

                    Best regards,
                    <br/>
                    <b>The Almas Online Team</b>
                    <br/>
                    <a t-attf-href="#{contact}">Contact us</a>
                    <br/>
                    <a href="www.almasonline.com">www.almasonline.com</a>
                </div>
            </field>
        </record>

        <record id="email_order_shipped_template" model="mail.template">
            <field name="name">Almas order shipped template</field>
            <field name="model_id" ref="diamond_rings_website.model_order"/>
            <field name="subject">Order Shipped - Track Your Package #{{object.id.id}}</field>
            <field name="email_from">{{ user.company_id.email_formatted}}</field>
            <field name="email_to">{{ object.id.customer.partner_id.email }}</field>
            <field name="description">This template is used for shipped orders</field>
            <field name="body_html" type="html">
                <t t-set="url" t-value="object.env['ir.config_parameter'].sudo().get_param('website.url')"/>
                <t t-set="contact" t-value="url + '/' + 'contact#contact'"/>
                <div>
                    <p>
                        Dear,
                        <t t-esc="object.id.customer.name"/>
                        <br/>
                        <br/>
                        <br/>
                    </p>
                    <p>
                        Great news! Your order #
                        <t t-esc="object.id.id"/>
                        has been shipped and is now with our shipping partner. You can
                        track the status of your shipment using the details below:
                    </p>
                    <p>
                        <b>AWB Number:</b>
                        <t t-esc="object.id.shipment_number"/>
                        <br/>
                        <b>Track Your Shipment Here:</b>
                        <t t-esc="object.id.tracking_link"/>
                    </p>
                    <p>
                        Click the link above to view the latest updates and location of your package.
                    </p>
                    <p>
                        If you have any questions or need further assistance, please feel free to Contact us.
                    </p>
                    <p>
                        Thank you for choosing <b>Almas Online.</b> We look forward to serving you in the future.
                    </p>

                    Best regards,
                    <br/>
                    <b>The Almas Online Team</b>
                    <br/>
                    <a t-attf-href="#{contact}">Contact us</a>
                    <br/>
                    <a href="www.almasonline.com">www.almasonline.com</a>
                </div>
            </field>
        </record>

        <record id="email_order_delivered_template" model="mail.template">
            <field name="name">Almas order delivered template</field>
            <field name="model_id" ref="diamond_rings_website.model_order"/>
            <field name="subject">Order Delivered - #{{object.id.id}}</field>
            <field name="email_from">{{ user.company_id.email_formatted}}</field>
            <field name="email_to">{{ object.id.customer.partner_id.email }}</field>
            <field name="description">This template is used for delivered orders</field>
            <field name="body_html" type="html">
                <t t-set="url" t-value="object.env['ir.config_parameter'].sudo().get_param('website.url')"/>
                <t t-set="contact" t-value="url + '/' + 'contact#contact'"/>
                <t t-set="return" t-value="url + '/' + 'international-return-policy'"/>
                <div>
                    <p>
                        Dear,
                        <t t-esc="object.id.customer.name"/>
                        <br/>
                        <br/>
                        <br/>
                    </p>
                    <p>
                        We’re happy to let you know that your order #
                        <t t-esc="object.id.id"/>
                        has been successfully delivered! We hope
                        you’re delighted with your purchase.
                    </p>
                    <p>
                        If you have any feedback or need assistance with your order, please don’t hesitate to reach out
                        to us.
                    </p>
                    <p>
                        Remember, all our products come with a <a t-attf-href="#{return}">warranty/return policy</a>. If
                        you have any issues with
                        your order or if you would like to initiate a return, please contact us
                    </p>
                    <p>
                        Thank you again for choosing <b>Almas Online.</b> We hope to have the pleasure of serving you
                        again
                        soon!
                    </p>

                    Best regards,
                    <br/>
                    <b>The Almas Online Team</b>
                    <br/>
                    <a t-attf-href="#{contact}">Contact us</a>
                    <br/>
                    <a href="www.almasonline.com">www.almasonline.com</a>
                </div>
            </field>
        </record>

        <record id="email_order_return_request_template" model="mail.template">
            <field name="name">Almas order return request template</field>
            <field name="model_id" ref="diamond_rings_website.model_order"/>
            <field name="subject">Return Request Confirmation and Instructions #{{object.id.id}}</field>
            <field name="email_from">{{ user.company_id.email_formatted}}</field>
            <field name="email_to">{{ object.id.customer.partner_id.email }}</field>
            <field name="description">This template is used for return request orders</field>
            <field name="body_html" type="html">
                <t t-set="url" t-value="object.env['ir.config_parameter'].sudo().get_param('website.url')"/>
                <t t-set="contact" t-value="url + '/' + 'contact#contact'"/>
                <div>
                    <p>
                        Dear,
                        <t t-esc="object.id.customer.name"/>
                        <br/>
                        <br/>
                        <br/>
                    </p>
                    <p>
                        Thank you for reaching out to <b>Almas Online</b> regarding your return request. We are
                        dedicated to
                        ensuring a smooth and hassle-free return process for you. Below, you’ll find detailed
                        instructions
                        to help you complete your return. Should you have any questions or need assistance, please don’t
                        hesitate to call us at <b>+97145546028</b> or email us at
                        <b>returns@almasonline.com.</b>
                    </p>
                    <hr/>
                    <p>
                        <b>Return policy</b>
                    </p>
                    <ul>
                        <li>
                            <b>30-Day Returns:</b>
                            Items can be returned or exchanged within <b>30 days</b> of the shipping
                            date, no questions asked.
                        </li>
                        <li>
                            <b>After 30 Days:</b>
                            We also accept returns for resizing, cleaning, and repairs beyond the 30 day period.
                        </li>
                    </ul>
                    <p>
                        To ensure your return is processed promptly, please follow the instructions below.
                    </p>
                    <hr/>
                    <p>
                        <b>Step 1: Packaging Your Shipment</b>
                    </p>
                    <ol>
                        <li>
                            <b>
                                Secure Packaging:
                            </b>
                            <ul>
                                <li>Package your item(s) securely in the original packing materials.</li>
                                <li>Double-box the return to enhance security and seal all seams with tamper
                                    resistant tape.
                                </li>
                            </ul>
                        </li>
                        <li>
                            <b>
                                Include Original Packaging:
                            </b>
                            <ul>
                                <li>Ensure the original gift packaging is included.</li>
                                <li>For refunds or exchanges, include any diamond grading reports or appraisals.
                                    Missing reports may result in a fee of USD $150 (or equivalent) and delay the
                                    processing. Reports are not required for resizing or repairs.
                                </li>
                            </ul>
                        </li>
                        <li>
                            <b>
                                Address the Package:
                            </b>
                            <ul>
                                <li>
                                    <b>To:</b>
                                    <br/>
                                    MANJAM PRECIOUS STONE DMCC - Administration Department
                                    <br/>
                                    Office No. 3103B,
                                    <br/>
                                    HDS Business Centre, Cluster M, Jumeirah Lakes Towers,
                                    <br/>
                                    Dubai, United Arab Emirates
                                    <b>Phone:</b>
                                    +97145546028
                                </li>
                                <li>
                                    <b>Commodity Description:</b>
                                    "CATALOGUE RETURN: Goods being returned under Warranty."
                                </li>
                                <li>
                                    <b>Value for Customs:</b>
                                    Use the shipment value as listed on your original invoice.
                                </li>
                                <li>
                                    Write your <b>Return Merchandise Authorization (RMA) Number:</b> on the bottom left
                                    corner of the shipping box.
                                </li>
                            </ul>
                        </li>
                    </ol>
                    <hr/>
                    <p>
                        <b>Step 2: Shipping and Insurance</b>
                    </p>
                    <p>
                        For returns within the UAE, we have partnered with <b>FedEx</b> as our designated carrier. You
                        can:
                    </p>
                    <ul>
                        <li>Drop off your package at a FedEx facility near you.</li>
                        <li>Arrange a drop-off at another FedEx location.</li>
                        <li>Schedule a pick-up (additional fees may apply).</li>
                    </ul>
                    <p>
                        <b>Important:</b>
                    </p>
                    <ul>
                        <li>Print <b>4 copies of your Return Commercial Invoice</b>and bring them when shipping your
                            package.
                        </li>
                        <li>Sign all copies and include the tracking number on each.</li>
                    </ul>
                    <hr/>
                    <p>
                        <b>Step 3: After We Receive Your Return</b>
                    </p>
                    <ol>
                        <li>
                            <b>Processing:</b>
                            <ul>
                                <li>
                                    Returns are typically processed within <b>24 business hours</b> of receipt.
                                </li>
                                <li>
                                    You’ll receive a confirmation email once your return has been passed to our
                                    Quality Assurance team. Processing may take <b>5–15 business</b>days to complete.
                                </li>
                            </ul>
                        </li>
                        <li>
                            <b>Refund:</b>
                            <ul>
                                <li>
                                    Refunds are issued to your bank within <b>3 business days</b> of processing.
                                </li>
                                <li>
                                    It may take up to <b>10 business days</b> for your bank to post the funds.
                                </li>
                            </ul>
                        </li>
                        <li>
                            <b>Exchanges or Repairs:</b>
                            <ul>
                                <li>
                                    Once your return is processed, you will receive an email with the details of the
                                    outbound shipment.
                                </li>

                            </ul>
                        </li>
                    </ol>
                    <hr/>
                    <p>
                        Thank you for choosing <b>Almas Online.</b> We’re always here to help and look forward to
                        serving
                        you again.
                    </p>

                    Best regards,
                    <br/>
                    <b>The Almas Online Team</b>
                    <br/>
                    <a t-attf-href="#{contact}">Contact us</a>
                    <br/>
                    <a href="www.almasonline.com">www.almasonline.com</a>
                </div>
            </field>
        </record>

        <record id="email_order_return_received_template" model="mail.template">
            <field name="name">Almas order return received template</field>
            <field name="model_id" ref="diamond_rings_website.model_order"/>
            <field name="subject">Received Your Return #{{object.id.id}}</field>
            <field name="email_from">{{ user.company_id.email_formatted}}</field>
            <field name="email_to">{{ object.id.customer.partner_id.email }}</field>
            <field name="description">This template is used for return received orders</field>
            <field name="body_html" type="html">
                <t t-set="url" t-value="object.env['ir.config_parameter'].sudo().get_param('website.url')"/>
                <t t-set="contact" t-value="url + '/' + 'contact#contact'"/>
                <div>
                    <p>
                        Dear,
                        <t t-esc="object.id.customer.name"/>
                        <br/>
                        <br/>
                        <br/>
                    </p>
                    <p>
                        We are pleased to confirm that we have received your return for order
                        <t t-out="object.id.id"/>
                    </p>

                    <p>
                        <b>What’s Next – After We Receive Your Return</b>
                    </p>

                    <p>
                        <b>Processing:</b>
                        <br/>
                        Returns are typically processed within <b>3–5 business days</b>of receipt. You’ll receive a
                        confirmation email once your return has been passed to our Quality Assurance team. Processing
                        may take <b>5–15 business days</b>to complete.

                    </p>
                    <p>
                        <b>Refunds:</b>
                        <br/>
                        Refunds are issued to your bank within <b>3 business days</b> of processing. It may take up
                        to <b>10 business days</b> for your bank to post the funds.
                    </p>

                    <p>
                        If you have any questions or require further assistance, please feel free to contact us at
                        <b>+97145546028</b>
                        or email us at
                        <b>returns@almasonline.com.</b>
                    </p>

                    <p>
                        Thank you for choosing <b>Almas Online.</b> We’re always here to help and look forward to
                        serving
                        you again.
                    </p>

                    Best regards,
                    <br/>
                    <b>The Almas Online Team</b>
                    <br/>
                    <a t-attf-href="#{contact}">Contact us</a>
                    <br/>
                    <a href="www.almasonline.com">www.almasonline.com</a>
                </div>
            </field>
        </record>

        <record id="email_order_return_complete_template" model="mail.template">
            <field name="name">Almas order return complete template</field>
            <field name="model_id" ref="diamond_rings_website.model_order"/>
            <field name="subject">Return Process Completed – Refund Issued</field>
            <field name="email_from">{{ user.company_id.email_formatted}}</field>
            <field name="email_to">{{ object.id.customer.partner_id.email }}</field>
            <field name="description">This template is used for return complete orders</field>
            <field name="body_html" type="html">
                <t t-set="url" t-value="object.env['ir.config_parameter'].sudo().get_param('website.url')"/>
                <t t-set="contact" t-value="url + '/' + 'contact#contact'"/>
                <div>
                    <p>
                        Dear,
                        <t t-esc="object.id.customer.name"/>
                        <br/>
                        <br/>
                        <br/>
                    </p>
                    <p>
                        We are pleased to inform you that your return for order #
                        <t t-out="object.id.id"/>
                        has been successfully processed.
                        The refund amount of has been issued to your original payment
                        method.
                    </p>

                    <p>
                        Please note that it may take up to <b> 10 business days </b> for your bank to reflect the refunded amount
                        in your account.

                    </p>

                    <p>
                        If you have any questions or require further assistance, please feel free to contact us at
                        <b>+97145546028</b>
                        or email us at
                        <b>returns@almasonline.com.</b>
                    </p>

                    <p>
                        Thank you for choosing <b>Almas Online.</b> We’re always here to help and look forward to
                        serving
                        you again.
                    </p>

                    Best regards,
                    <br/>
                    <b>The Almas Online Team</b>
                    <br/>
                    <a t-attf-href="#{contact}">Contact us</a>
                    <br/>
                    <a href="www.almasonline.com">www.almasonline.com</a>
                </div>
            </field>
        </record>

    </data>
</odoo>