<?xml version="1.0" encoding='UTF-8'?>
<odoo>
<data noupdate="1">

    <record id="update_data_cron" model="ir.cron">
        <field name="name">Update Diamond Data</field>
        <field name="model_id" ref="diamond_rings_website.model_diamonds_rings_website_diamond"/>
        <field name="state">code</field>
        <field name="code">model.load_initial_data()</field>
        <field name="user_id" ref="base.user_root"/>
        <field name='interval_number'>1</field>
        <field name='interval_type'>hours</field>
        <field name="numbercall">-1</field>
        <field name="doall" eval="False"/>
        <field name="priority" eval="4" />
    </record>

<!--    <record id="update_rules_cron" model="ir.cron">-->
<!--        <field name="name">Update Rules </field>-->
<!--        <field name="model_id" ref="diamond_rings_website.model_diamonds_rings_website_jewellery"/>-->
<!--        <field name="state">code</field>-->
<!--        <field name="code">model.apply_rules()</field>-->
<!--        <field name="user_id" ref="base.user_root"/>-->
<!--        <field name='interval_number'>1</field>-->
<!--        <field name='interval_type'>hours</field>-->
<!--        <field name="numbercall">-1</field>-->
<!--        <field name="doall" eval="False"/>-->
<!--        <field name="priority" eval="4" />-->
<!--    </record>-->

<!--    <record id="update_priority_diamonds_cron" model="ir.cron">-->
<!--        <field name="name">Update Priority Diamonds</field>-->
<!--        <field name="model_id" ref="diamond_rings_website.model_diamonds_rings_website_jewellery"/>-->
<!--        <field name="state">code</field>-->
<!--        <field name="code">model._compute_priority_diamonds()</field>-->
<!--        <field name="user_id" ref="base.user_root"/>-->
<!--        <field name='interval_number'>1</field>-->
<!--        <field name='interval_type'>hours</field>-->
<!--        <field name="numbercall">-1</field>-->
<!--        <field name="doall" eval="False"/>-->
<!--        <field name="priority" eval="4" />-->
<!--    </record>-->

</data>
</odoo>